bowler,runs_given,balls_bowled,wickets,economy,average
A Ashish Reddy,396.0,262,19.0,9.068702290076336,20.842105263157894
A Badoni,49.0,35,4.0,8.4,12.25
A Chandila,242.0,234,11.0,6.205128205128205,22.0
A Choudhary,144.0,101,5.0,8.554455445544555,28.8
A Dananjaya,47.0,24,0.0,11.75,0.0
A Flintoff,105.0,66,2.0,9.545454545454545,52.5
A Kamboj,443.0,277,18.0,9.595667870036102,24.61111111111111
A Kumble,1058.0,965,49.0,6.578238341968912,21.591836734693878
A Mishra,4145.0,3371,183.0,7.377632749925837,22.650273224043715
A Mithun,472.0,288,8.0,9.833333333333334,59.0
A Nehra,2495.0,1908,121.0,7.845911949685535,20.619834710743802
A Nel,31.0,18,1.0,10.333333333333334,31.0
A Nortje,1696.0,1120,63.0,9.085714285714285,26.92063492063492
A Singh,620.0,473,31.0,7.864693446088795,20.0
A Symonds,674.0,527,23.0,7.673624288425048,29.304347826086957
A Uniyal,66.0,36,3.0,11.0,22.0
A Zampa,652.0,467,32.0,8.376873661670237,20.375
AA Chavan,326.0,248,8.0,7.887096774193548,40.75
AA Jhunjhunwala,129.0,85,1.0,9.105882352941176,129.0
AA Kazi,21.0,12,1.0,10.5,21.0
AA Noffke,40.0,24,1.0,10.0,40.0
AB Agarkar,1151.0,782,33.0,8.831202046035806,34.878787878787875
AB Dinda,2073.0,1516,82.0,8.20448548812665,25.28048780487805
AB McDonald,261.0,186,14.0,8.419354838709678,18.642857142857142
AC Gilchrist,0.0,1,1.0,0.0,0.0
AC Thomas,406.0,315,16.0,7.733333333333333,25.375
AC Voges,76.0,54,1.0,8.444444444444445,76.0
AD Mascarenhas,356.0,308,19.0,6.9350649350649345,18.736842105263158
AD Mathews,1079.0,791,28.0,8.18457648546144,38.535714285714285
AD Russell,2863.0,1806,133.0,9.511627906976743,21.526315789473685
AF Milne,327.0,207,9.0,9.478260869565217,36.333333333333336
AG Murtaza,313.0,264,12.0,7.113636363636363,26.083333333333332
AJ Finch,67.0,43,1.0,9.348837209302324,67.0
AJ Hosein,60.0,36,1.0,10.0,60.0
AJ Tye,979.0,684,48.0,8.587719298245615,20.395833333333332
AK Markram,302.0,203,6.0,8.926108374384237,50.333333333333336
AL Menaria,144.0,110,3.0,7.854545454545455,48.0
AM Ghazanfar,72.0,36,2.0,12.0,36.0
AM Nayar,322.0,229,9.0,8.436681222707424,35.77777777777778
AM Rahane,5.0,6,1.0,5.0,5.0
AM Salvi,200.0,150,7.0,8.0,28.571428571428573
AN Ahmed,498.0,344,15.0,8.686046511627907,33.2
AP Dole,112.0,66,5.0,10.181818181818182,22.4
AR Patel,4187.0,3405,140.0,7.377973568281939,29.90714285714286
AS Joseph,691.0,434,22.0,9.55299539170507,31.40909090909091
AS Rajpoot,814.0,529,24.0,9.232514177693762,33.916666666666664
AS Raut,44.0,30,0.0,8.8,0.0
AS Roy,281.0,203,11.0,8.305418719211822,25.545454545454547
AU Rashid,91.0,60,2.0,9.1,45.5
AUK Pathan,63.0,39,0.0,9.692307692307692,0.0
Abdul Samad,125.0,57,2.0,13.157894736842104,62.5
Abdur Razzak,29.0,12,0.0,14.5,0.0
Abhinandan Singh,122.0,58,3.0,12.620689655172415,40.666666666666664
Abhishek Sharma,523.0,347,11.0,9.043227665706052,47.54545454545455
Akash Deep,548.0,278,11.0,11.827338129496402,49.81818181818182
Akash Madhwal,590.0,352,26.0,10.056818181818182,22.692307692307693
Akash Singh,326.0,205,9.0,9.541463414634148,36.22222222222222
Aman Hakim Khan,13.0,6,0.0,13.0,0.0
Anand Rajan,201.0,149,10.0,8.093959731543624,20.1
Ankit Sharma,450.0,367,12.0,7.3569482288828345,37.5
Ankit Soni,144.0,109,4.0,7.9266055045871555,36.0
Anureet Singh,623.0,412,21.0,9.072815533980583,29.666666666666668
Arjun Tendulkar,114.0,73,4.0,9.36986301369863,28.5
Arshad Khan,497.0,260,12.0,11.46923076923077,41.416666666666664
Arshad Khan (2),24.0,12,0.0,12.0,0.0
Arshdeep Singh,2719.0,1798,108.0,9.0734149054505,25.175925925925927
Ashok Sharma,145.0,84,4.0,10.357142857142858,36.25
Ashwani Kumar,232.0,123,11.0,11.317073170731707,21.09090909090909
Atharva Taide,4.0,1,0.0,24.0,0.0
Auqib Nabi,17.0,12,0.0,8.5,0.0
Avesh Khan,2565.0,1679,97.0,9.166170339487792,26.443298969072163
Azhar Mahmood,700.0,537,31.0,7.82122905027933,22.580645161290324
Azmatullah Omarzai,465.0,288,12.0,9.6875,38.75
B Akhil,242.0,188,7.0,7.723404255319149,34.57142857142857
B Chipli,20.0,6,0.0,20.0,0.0
B Geeves,91.0,48,2.0,11.375,45.5
B Kumar,5521.0,4294,217.0,7.714485328365161,25.442396313364057
B Laughlin,282.0,168,10.0,10.071428571428571,28.2
B Lee,1095.0,875,30.0,7.508571428571428,36.5
B Muzarabani,75.0,42,5.0,10.714285714285714,15.0
B Stanlake,200.0,144,7.0,8.333333333333334,28.571428571428573
BA Bhatt,397.0,296,13.0,8.047297297297296,30.53846153846154
BA Stokes,992.0,689,31.0,8.638606676342526,32.0
BAW Mendis,303.0,244,9.0,7.450819672131148,33.666666666666664
BB Sran,757.0,483,20.0,9.403726708074535,37.85
BCJ Cutting,429.0,281,12.0,9.160142348754448,35.75
BE Hendricks,235.0,150,11.0,9.4,21.363636363636363
BJ Hodge,303.0,234,18.0,7.769230769230769,16.833333333333332
BJ Rohrer,12.0,6,0.0,12.0,0.0
BMAJ Mendis,36.0,30,1.0,7.2,36.0
BW Hilfenhaus,479.0,372,23.0,7.725806451612903,20.82608695652174
Basil Thampi,846.0,521,26.0,9.742802303262957,32.53846153846154
Bipul Sharma,572.0,426,22.0,8.056338028169014,26.0
Brijesh Sharma,54.0,42,3.0,7.714285714285714,18.0
C Bosch,94.0,61,2.0,9.245901639344263,47.0
C Ganapathy,13.0,6,0.0,13.0,0.0
C Green,692.0,451,21.0,9.20620842572062,32.95238095238095
C Munro,15.0,12,0.0,7.5,0.0
C Nanda,57.0,48,2.0,7.125,28.5
C Sakariya,638.0,444,20.0,8.621621621621621,31.9
C de Grandhomme,319.0,216,7.0,8.86111111111111,45.57142857142857
CH Gayle,729.0,554,19.0,7.8953068592057765,38.36842105263158
CH Morris,2309.0,1726,107.0,8.026651216685979,21.57943925233645
CJ Anderson,518.0,297,14.0,10.464646464646465,37.0
CJ Dala,34.0,18,0.0,11.333333333333334,0.0
CJ Green,24.0,17,0.0,8.470588235294118,0.0
CJ Jordan,1081.0,674,36.0,9.623145400593472,30.02777777777778
CJ McKay,60.0,42,1.0,8.571428571428571,60.0
CK Kapugedera,49.0,17,0.0,17.294117647058822,0.0
CK Langeveldt,187.0,156,13.0,7.1923076923076925,14.384615384615385
CL White,86.0,42,1.0,12.285714285714286,86.0
CR Brathwaite,379.0,254,16.0,8.952755905511811,23.6875
CR Woakes,658.0,440,31.0,8.972727272727273,21.225806451612904
CRD Fernando,298.0,234,19.0,7.641025641025641,15.68421052631579
CV Varun,2464.0,1924,102.0,7.6839916839916835,24.15686274509804
D Brevis,8.0,3,1.0,16.0,8.0
D Jansen,53.0,24,1.0,13.25,53.0
D Kalyankrishna,87.0,48,2.0,10.875,43.5
D Pretorius,238.0,150,7.0,9.52,34.0
D Salunkhe,78.0,47,1.0,9.957446808510639,78.0
D Wiese,440.0,296,17.0,8.91891891891892,25.88235294117647
D du Preez,56.0,42,4.0,8.0,14.0
DA Payne,70.0,30,2.0,14.0,35.0
DA Warner,2.0,1,0.0,12.0,0.0
DAJ Bracewell,32.0,24,3.0,8.0,10.666666666666666
DB Ravi Teja,28.0,18,1.0,9.333333333333334,28.0
DE Bollinger,693.0,576,43.0,7.21875,16.11627906976744
DG Nalkande,148.0,84,6.0,10.571428571428571,24.666666666666668
DJ Bravo,4360.0,3120,207.0,8.384615384615385,21.06280193236715
DJ Harris,26.0,18,0.0,8.666666666666666,0.0
DJ Hooda,546.0,379,10.0,8.643799472295514,54.6
DJ Hussey,474.0,317,10.0,8.97160883280757,47.4
DJ Mitchell,97.0,48,1.0,12.125,97.0
DJ Muthuswami,101.0,84,4.0,7.214285714285714,25.25
DJ Thornely,40.0,42,3.0,5.714285714285714,13.333333333333334
DJ Willey,272.0,216,7.0,7.555555555555555,38.857142857142854
DJG Sammy,350.0,236,14.0,8.898305084745763,25.0
DJM Short,19.0,18,1.0,6.333333333333333,19.0
DL Chahar,2639.0,1939,92.0,8.166064981949457,28.684782608695652
DL Vettori,879.0,777,34.0,6.787644787644788,25.852941176470587
DNT Zoysa,99.0,66,2.0,9.0,49.5
DP Nannes,785.0,646,38.0,7.291021671826625,20.657894736842106
DP Vijaykumar,199.0,152,4.0,7.855263157894737,49.75
DR Sams,523.0,360,15.0,8.716666666666667,34.86666666666667
DR Smith,810.0,539,27.0,9.01669758812616,30.0
DS Kulkarni,2474.0,1787,91.0,8.306659205372133,27.186813186813186
DS Rathi,531.0,384,17.0,8.296875,31.235294117647058
DT Christian,1192.0,883,40.0,8.099660249150624,29.8
DW Steyn,2523.0,2182,105.0,6.937671860678276,24.02857142857143
E Malinga,363.0,226,18.0,9.637168141592921,20.166666666666668
F du Plessis,16.0,6,0.0,16.0,0.0
FA Allen,136.0,90,2.0,9.066666666666666,68.0
FH Edwards,154.0,140,6.0,6.6000000000000005,25.666666666666668
FY Fazal,20.0,12,1.0,10.0,20.0
Fazalhaq Farooqi,437.0,254,6.0,10.32283464566929,72.83333333333333
G Coetzee,472.0,273,15.0,10.373626373626374,31.466666666666665
GB Hogg,570.0,458,25.0,7.467248908296944,22.8
GC Viljoen,222.0,138,8.0,9.652173913043478,27.75
GD McGrath,357.0,324,14.0,6.611111111111111,25.5
GD Phillips,40.0,30,2.0,8.0,20.0
GF Linde,28.0,18,0.0,9.333333333333334,0.0
GH Vihari,47.0,42,1.0,6.714285714285714,47.0
GHS Garton,135.0,90,3.0,9.0,45.0
GJ Maxwell,1413.0,1022,45.0,8.295499021526417,31.4
GR Napier,27.0,24,1.0,6.75,27.0
GS Sandhu,82.0,48,1.0,10.25,82.0
Gagandeep Singh,141.0,84,3.0,10.071428571428571,47.0
Gulbadin Naib,12.0,6,0.0,12.0,0.0
Gurjapneet Singh,39.0,24,1.0,9.75,39.0
Gurkeerat Singh,97.0,78,5.0,7.461538461538462,19.4
Gurnoor Brar,42.0,18,0.0,14.0,0.0
H Sharma,57.0,30,0.0,11.4,0.0
HF Gurney,238.0,162,7.0,8.814814814814815,34.0
HH Pandya,2548.0,1658,85.0,9.22074788902292,29.976470588235294
HR Shokeen,314.0,204,5.0,9.235294117647058,62.8
HV Patel,3673.0,2470,168.0,8.922267206477732,21.863095238095237
Harbhajan Singh,4030.0,3416,161.0,7.078454332552693,25.03105590062112
Harmeet Singh,697.0,525,30.0,7.965714285714285,23.233333333333334
Harmeet Singh (2),34.0,24,1.0,8.5,34.0
Harpreet Brar,1085.0,811,35.0,8.027127003699137,31.0
Harsh Dubey,206.0,138,10.0,8.956521739130435,20.6
Harshit Rana,1029.0,649,42.0,9.513097072419106,24.5
I Malhotra,23.0,6,0.0,23.0,0.0
I Sharma,3377.0,2419,100.0,8.376188507647788,33.77
I Udana,282.0,174,8.0,9.724137931034482,35.25
IC Pandey,591.0,462,19.0,7.675324675324675,31.105263157894736
IC Porel,39.0,24,1.0,9.75,39.0
IK Pathan,2649.0,2043,99.0,7.779735682819383,26.757575757575758
IS Sodhi,202.0,181,9.0,6.696132596685082,22.444444444444443
Imran Tahir,1703.0,1316,86.0,7.764437689969604,19.802325581395348
Iqbal Abdulla,1109.0,920,45.0,7.232608695652173,24.644444444444446
Ishan Kishan,4.0,1,0.0,24.0,0.0
J Botha,800.0,694,27.0,6.916426512968299,29.62962962962963
J Little,339.0,228,13.0,8.921052631578947,26.076923076923077
J Overton,157.0,84,5.0,11.214285714285714,31.4
J Suchith,602.0,420,20.0,8.6,30.1
J Syed Mohammad,283.0,192,10.0,8.84375,28.3
J Theron,302.0,221,13.0,8.199095022624434,23.23076923076923
J Yadav,445.0,390,9.0,6.846153846153846,49.44444444444444
JA Duffy,80.0,48,5.0,10.0,16.0
JA Morkel,2359.0,1723,96.0,8.214741729541498,24.572916666666668
JA Richardson,157.0,90,3.0,10.466666666666667,52.333333333333336
JC Archer,1709.0,1296,67.0,7.912037037037037,25.507462686567163
JD Ryder,303.0,236,11.0,7.703389830508474,27.545454545454547
JD Unadkat,3504.0,2351,125.0,8.942577626541897,28.032
JDP Oram,349.0,237,13.0,8.835443037974683,26.846153846153847
JDS Neesham,334.0,216,8.0,9.277777777777779,41.75
JE Root,14.0,12,0.0,7.0,0.0
JE Taylor,157.0,117,6.0,8.051282051282051,26.166666666666668
JEC Franklin,220.0,151,9.0,8.741721854304636,24.444444444444443
JH Kallis,2293.0,1742,74.0,7.897818599311137,30.986486486486488
JJ Bumrah,4147.0,3425,204.0,7.264817518248175,20.32843137254902
JJ van der Wath,129.0,72,3.0,10.75,43.0
JL Pattinson,320.0,213,11.0,9.014084507042254,29.09090909090909
JM Kemp,54.0,44,3.0,7.363636363636364,18.0
JO Holder,1461.0,995,59.0,8.81005025125628,24.76271186440678
JP Behrendorff,552.0,366,22.0,9.049180327868852,25.09090909090909
JP Duminy,834.0,678,23.0,7.380530973451328,36.26086956521739
JP Faulkner,1799.0,1238,76.0,8.718901453957997,23.67105263157895
JPR Scantlebury-Searles,89.0,42,2.0,12.714285714285714,44.5
JR Hazlewood,1240.0,891,60.0,8.35016835016835,20.666666666666668
JR Hopes,548.0,360,14.0,9.133333333333333,39.142857142857146
JW Hastings,66.0,58,3.0,6.8275862068965525,22.0
Jalaj S Saxena,27.0,18,0.0,9.0,0.0
Jaskaran Singh,171.0,102,6.0,10.058823529411764,28.5
Joginder Sharma,419.0,256,13.0,9.8203125,32.23076923076923
K Goel,93.0,66,0.0,8.454545454545455,0.0
K Gowtham,808.0,588,22.0,8.244897959183673,36.72727272727273
K Kartikeya,407.0,282,12.0,8.659574468085106,33.916666666666664
K Khejroliya,246.0,139,6.0,10.618705035971223,41.0
K Rabada,2903.0,2001,132.0,8.704647676161919,21.992424242424242
K Santokie,90.0,48,3.0,11.25,30.0
K Upadhyay,81.0,54,0.0,9.0,0.0
K Yadav,84.0,54,2.0,9.333333333333334,42.0
KA Jamieson,416.0,258,14.0,9.674418604651162,29.714285714285715
KA Maharaj,39.0,36,2.0,6.5,19.5
KA Pollard,2180.0,1488,81.0,8.790322580645162,26.91358024691358
KAJ Roach,80.0,48,0.0,10.0,0.0
KC Cariappa,348.0,216,8.0,9.666666666666666,43.5
KH Pandya,3077.0,2452,101.0,7.529363784665579,30.465346534653467
KJ Abbott,177.0,96,2.0,11.0625,88.5
KK Ahmed,2450.0,1634,95.0,8.996328029375766,25.789473684210527
KK Cooper,757.0,576,36.0,7.885416666666667,21.02777777777778
KL Nagarkoti,285.0,180,5.0,9.5,57.0
KM Asif,231.0,133,7.0,10.421052631578947,33.0
KMA Paul,237.0,163,10.0,8.723926380368098,23.7
KMDN Kulasekara,120.0,102,6.0,7.0588235294117645,20.0
KP Appanna,286.0,216,11.0,7.944444444444445,26.0
KP Pietersen,215.0,174,9.0,7.413793103448276,23.88888888888889
KR Mayers,59.0,42,0.0,8.428571428571429,0.0
KR Sen,387.0,241,14.0,9.634854771784234,27.642857142857142
KS Williamson,31.0,18,0.0,10.333333333333334,0.0
KT Maphaka,143.0,66,2.0,13.0,71.5
KV Sharma,2215.0,1585,89.0,8.384858044164037,24.8876404494382
KW Richardson,472.0,335,21.0,8.453731343283582,22.476190476190474
Kamran Khan,239.0,166,14.0,8.638554216867469,17.071428571428573
Karanveer Singh,321.0,204,14.0,9.441176470588236,22.928571428571427
Karim Janat,30.0,6,0.0,30.0,0.0
Kartik Tyagi,835.0,488,19.0,10.26639344262295,43.94736842105263
Kuldeep Yadav,2906.0,2142,109.0,8.140056022408963,26.660550458715598
L Ablish,75.0,42,5.0,10.714285714285714,15.0
L Balaji,2028.0,1512,85.0,8.047619047619047,23.858823529411765
L Ngidi,655.0,466,37.0,8.433476394849786,17.7027027027027
L Wood,93.0,36,1.0,15.5,93.0
LA Carseldine,6.0,6,1.0,6.0,6.0
LB Williams,72.0,36,1.0,12.0,72.0
LE Plunkett,225.0,150,4.0,9.0,56.25
LH Ferguson,1532.0,1026,63.0,8.95906432748538,24.317460317460316
LI Meriwala,32.0,18,1.0,10.666666666666666,32.0
LJ Wright,124.0,71,2.0,10.47887323943662,62.0
LMP Simmons,34.0,18,1.0,11.333333333333334,34.0
LPC Silva,21.0,6,0.0,21.0,0.0
LR Shukla,447.0,314,17.0,8.54140127388535,26.294117647058822
LRPL Taylor,24.0,12,0.0,12.0,0.0
LS Livingstone,469.0,312,13.0,9.01923076923077,36.07692307692308
Lalit Yadav,425.0,288,11.0,8.854166666666666,38.63636363636363
M Ashwin,1162.0,870,35.0,8.013793103448275,33.2
M Jansen,1252.0,805,40.0,9.331677018633542,31.3
M Kartik,1388.0,1149,39.0,7.248041775456919,35.58974358974359
M Manhas,42.0,42,0.0,6.0,0.0
M Markande,1105.0,738,37.0,8.983739837398375,29.864864864864863
M Morkel,2089.0,1629,88.0,7.694290976058932,23.738636363636363
M Muralitharan,1706.0,1528,67.0,6.698952879581152,25.46268656716418
M Ntini,242.0,210,8.0,6.914285714285715,30.25
M Pathirana,1016.0,702,53.0,8.683760683760683,19.169811320754718
M Prasidh Krishna,2353.0,1601,91.0,8.818238600874453,25.857142857142858
M Shahrukh Khan,28.0,18,1.0,9.333333333333334,28.0
M Siddharth,201.0,144,5.0,8.375,40.2
M Theekshana,1207.0,876,36.0,8.267123287671232,33.52777777777778
M Tiwari,14.0,6,0.0,14.0,0.0
M Vijay,49.0,36,0.0,8.166666666666666,0.0
M de Lange,169.0,108,6.0,9.38888888888889,28.166666666666668
MA Khote,51.0,30,2.0,10.2,25.5
MA Starc,1537.0,1064,78.0,8.667293233082706,19.705128205128204
MA Wood,179.0,120,11.0,8.95,16.272727272727273
MB Parmar,33.0,18,0.0,11.0,0.0
MC Henriques,1289.0,950,46.0,8.141052631578948,28.02173913043478
MF Maharoof,520.0,420,33.0,7.428571428571429,15.757575757575758
MG Bracewell,95.0,66,6.0,8.636363636363637,15.833333333333334
MG Johnson,1708.0,1235,66.0,8.297975708502024,25.87878787878788
MG Neser,62.0,24,0.0,15.5,0.0
MJ Clarke,67.0,66,3.0,6.090909090909091,22.333333333333332
MJ Henry,311.0,162,5.0,11.518518518518519,62.2
MJ McClenaghan,1803.0,1274,75.0,8.491365777080063,24.04
MJ Santner,757.0,621,27.0,7.314009661835748,28.037037037037038
MJ Suthar,26.0,12,0.0,13.0,0.0
MK Lomror,127.0,90,2.0,8.466666666666667,63.5
MK Tiwary,83.0,42,1.0,11.857142857142858,83.0
MM Ali,1029.0,854,46.0,7.229508196721311,22.369565217391305
MM Patel,1698.0,1355,82.0,7.518819188191881,20.70731707317073
MM Sharma,3513.0,2403,149.0,8.771535580524345,23.57718120805369
MN Samuels,284.0,214,10.0,7.962616822429907,28.4
MP Stoinis,1466.0,894,46.0,9.838926174496644,31.869565217391305
MP Yadav,185.0,121,10.0,9.173553719008265,18.5
MR Marsh,795.0,560,37.0,8.517857142857144,21.486486486486488
MS Gony,1287.0,888,39.0,8.695945945945946,33.0
MW Short,26.0,25,0.0,6.239999999999999,0.0
Mandeep Singh,26.0,12,0.0,13.0,0.0
Mashrafe Mortaza,58.0,24,1.0,14.5,58.0
Mayank Dagar,203.0,137,2.0,8.89051094890511,101.5
Mohammad Asif,296.0,192,9.0,9.25,32.888888888888886
Mohammad Hafeez,68.0,60,2.0,6.8,34.0
Mohammad Nabi,517.0,417,15.0,7.438848920863309,34.46666666666667
Mohammed Shami,3857.0,2710,154.0,8.539483394833947,25.045454545454547
Mohammed Siraj,3483.0,2384,116.0,8.765939597315437,30.025862068965516
Mohit Rathee,29.0,12,0.0,14.5,0.0
Mohsin Khan,708.0,510,28.0,8.329411764705883,25.285714285714285
Monu Kumar,20.0,12,0.0,10.0,0.0
Mujeeb Ur Rahman,620.0,446,21.0,8.340807174887892,29.523809523809526
Mukesh Choudhary,522.0,315,17.0,9.942857142857143,30.705882352941178
Mukesh Kumar,1237.0,720,50.0,10.308333333333334,24.74
Musheer Khan,27.0,12,1.0,13.5,27.0
Mustafizur Rahman,1849.0,1364,74.0,8.133431085043988,24.986486486486488
N Burger,253.0,174,12.0,8.724137931034482,21.083333333333332
N Rana,270.0,192,10.0,8.4375,27.0
N Thushara,283.0,180,9.0,9.433333333333334,31.444444444444443
N Wadhera,22.0,17,0.0,7.764705882352941,0.0
NA Saini,843.0,592,20.0,8.54391891891892,42.15
NB Singh,15.0,24,1.0,3.75,15.0
ND Doshi,79.0,56,2.0,8.464285714285714,39.5
NJ Rimmington,19.0,18,0.0,6.333333333333333,0.0
NL McCullum,34.0,30,0.0,6.8,0.0
NLTC Perera,1016.0,698,37.0,8.73352435530086,27.45945945945946
NM Coulter-Nile,1100.0,857,52.0,7.701283547257876,21.153846153846153
NT Ellis,546.0,378,20.0,8.666666666666666,27.3
Naman Dhir,76.0,52,1.0,8.76923076923077,76.0
Navdeep Saini,174.0,90,6.0,11.6,29.0
Naveen-ul-Haq,591.0,387,26.0,9.162790697674419,22.73076923076923
Nithish Kumar Reddy,324.0,181,10.0,10.740331491712707,32.4
Noor Ahmad,1214.0,870,50.0,8.372413793103448,24.28
O Thomas,79.0,60,5.0,7.9,15.8
OC McCoy,250.0,161,11.0,9.316770186335404,22.727272727272727
OF Smith,178.0,90,7.0,11.866666666666667,25.428571428571427
P Amarnath,236.0,132,7.0,10.727272727272727,33.714285714285715
P Awana,1029.0,747,43.0,8.265060240963855,23.930232558139537
P Dubey,111.0,78,2.0,8.538461538461538,55.5
P Kumar,3251.0,2524,102.0,7.728209191759112,31.872549019607842
P Negi,939.0,716,38.0,7.868715083798883,24.710526315789473
P Parameswaran,224.0,154,9.0,8.727272727272727,24.88888888888889
P Prasanth,18.0,6,0.0,18.0,0.0
P Ray Barman,56.0,24,0.0,14.0,0.0
P Sahu,146.0,105,3.0,8.342857142857143,48.666666666666664
P Suyal,151.0,96,2.0,9.4375,75.5
PC Valthaty,205.0,151,7.0,8.14569536423841,29.285714285714285
PD Collingwood,101.0,89,5.0,6.808988764044943,20.2
PH Solanki,38.0,36,2.0,6.333333333333333,19.0
PHKD Mendis,60.0,42,2.0,8.571428571428571,30.0
PJ Cummins,2373.0,1617,82.0,8.805194805194805,28.9390243902439
PJ Sangwan,1240.0,856,44.0,8.69158878504673,28.181818181818183
PM Sarvesh Kumar,42.0,30,1.0,8.4,42.0
PP Chawla,5108.0,3850,201.0,7.960519480519481,25.412935323383085
PP Ojha,2332.0,1899,99.0,7.368088467614534,23.555555555555557
PV Tambe,853.0,660,28.0,7.754545454545455,30.464285714285715
PVD Chameera,630.0,384,15.0,9.84375,42.0
PVSN Raju,53.0,24,2.0,13.25,26.5
PWA Mulder,16.0,6,0.0,16.0,0.0
PWH de Silva,1119.0,798,47.0,8.413533834586467,23.80851063829787
Pankaj Singh,468.0,300,11.0,9.36,42.54545454545455
Parvez Rasool,271.0,198,4.0,8.212121212121213,67.75
Prince Yadav,357.0,227,12.0,9.43612334801762,29.75
R Ashwin,5652.0,4710,205.0,7.2,27.570731707317073
R Bhatia,2020.0,1636,82.0,7.408312958435207,24.634146341463413
R Dhawan,891.0,662,27.0,8.075528700906345,33.0
R Goyal,33.0,24,0.0,8.25,0.0
R McLaren,542.0,354,14.0,9.186440677966102,38.714285714285715
R Ninan,65.0,36,3.0,10.833333333333334,21.666666666666668
R Parag,488.0,301,10.0,9.727574750830565,48.8
R Powell,35.0,18,1.0,11.666666666666666,35.0
R Rampaul,309.0,268,17.0,6.917910447761194,18.176470588235293
R Ravindra,7.0,12,0.0,3.5,0.0
R Sai Kishore,651.0,441,32.0,8.857142857142858,20.34375
R Sanjay Yadav,23.0,12,0.0,11.5,0.0
R Sathish,232.0,139,6.0,10.014388489208633,38.666666666666664
R Sharma,1086.0,928,42.0,7.0215517241379315,25.857142857142858
R Shepherd,499.0,252,15.0,11.880952380952381,33.266666666666666
R Shukla,208.0,120,7.0,10.4,29.714285714285715
R Tewatia,1111.0,843,36.0,7.907473309608541,30.86111111111111
R Vinay Kumar,2986.0,2127,127.0,8.423131170662906,23.511811023622048
RA Jadeja,5245.0,4098,182.0,7.679355783308931,28.818681318681318
RA Shaikh,11.0,6,0.0,11.0,0.0
RA Tripathi,12.0,6,0.0,12.0,0.0
RD Chahar,2196.0,1694,76.0,7.778040141676506,28.894736842105264
RE van der Merwe,498.0,443,25.0,6.744920993227991,19.92
RG More,59.0,35,1.0,10.114285714285716,59.0
RG Sharma,453.0,339,16.0,8.017699115044248,28.3125
RJ Gleeson,110.0,68,2.0,9.705882352941176,55.0
RJ Harris,1047.0,832,47.0,7.55048076923077,22.27659574468085
RJ Peterson,70.0,48,3.0,8.75,23.333333333333332
RJW Topley,222.0,120,5.0,11.1,44.4
RN ten Doeschate,94.0,78,3.0,7.230769230769231,31.333333333333332
RP Meredith,612.0,388,21.0,9.463917525773196,29.142857142857142
RP Singh,2338.0,1775,100.0,7.903098591549297,23.38
RR Bhatkal,35.0,12,0.0,17.5,0.0
RR Bose,24.0,12,0.0,12.0,0.0
RR Powar,527.0,426,15.0,7.422535211267606,35.13333333333333
RR Raje,209.0,139,7.0,9.021582733812949,29.857142857142858
RS Bopara,292.0,206,13.0,8.504854368932039,22.46153846153846
RS Gavaskar,8.0,6,0.0,8.0,0.0
RS Hangargekar,60.0,36,3.0,10.0,20.0
RV Gomez,129.0,96,6.0,8.0625,21.5
RV Patel,22.0,18,0.0,7.333333333333333,0.0
RW Price,33.0,18,0.0,11.0,0.0
Ramandeep Singh,63.0,40,6.0,9.45,10.5
Rashid Khan,3891.0,3298,171.0,7.078835657974531,22.75438596491228
Rasikh Salam,409.0,231,10.0,10.623376623376624,40.9
Ravi Bishnoi,2351.0,1711,87.0,8.244301578024546,27.022988505747126
S Aravind,1039.0,760,48.0,8.202631578947368,21.645833333333332
S Badree,319.0,258,11.0,7.4186046511627906,29.0
S Dhawan,66.0,48,4.0,8.25,16.5
S Dube,243.0,136,7.0,10.720588235294118,34.714285714285715
S Gopal,1349.0,991,53.0,8.167507568113018,25.452830188679247
S Joseph,47.0,24,0.0,11.75,0.0
S Kaul,1739.0,1209,63.0,8.630272952853598,27.603174603174605
S Kaushik,297.0,204,6.0,8.735294117647058,49.5
S Ladda,224.0,138,5.0,9.73913043478261,44.8
S Lamichhane,292.0,210,14.0,8.342857142857143,20.857142857142858
S Midhun,27.0,12,0.0,13.5,0.0
S Nadeem,1784.0,1415,54.0,7.564664310954063,33.03703703703704
S Narwal,202.0,106,6.0,11.433962264150942,33.666666666666664
S Rana,18.0,16,0.0,6.75,0.0
S Randiv,223.0,174,8.0,7.689655172413793,27.875
S Sandeep Warrier,253.0,168,8.0,9.035714285714286,31.625
S Sreesanth,1194.0,880,43.0,8.14090909090909,27.767441860465116
S Sriram,49.0,18,0.0,16.333333333333332,0.0
S Tyagi,295.0,209,6.0,8.4688995215311,49.166666666666664
S Vidyut,22.0,12,1.0,11.0,22.0
SA Abbott,104.0,54,1.0,11.555555555555555,104.0
SA Yadav,8.0,6,0.0,8.0,0.0
SB Bangar,219.0,150,6.0,8.76,36.5
SB Jakati,1451.0,1085,50.0,8.023963133640553,29.02
SB Joshi,82.0,55,1.0,8.945454545454545,82.0
SB Styris,276.0,216,9.0,7.666666666666667,30.666666666666668
SB Wagh,137.0,102,5.0,8.058823529411764,27.4
SC Ganguly,363.0,276,12.0,7.891304347826087,30.25
SC Kuggeleijn,71.0,48,2.0,8.875,35.5
SD Chitnis,60.0,36,2.0,10.0,30.0
SE Bond,224.0,186,9.0,7.225806451612903,24.88888888888889
SE Rutherford,59.0,41,1.0,8.634146341463415,59.0
SH Johnson,284.0,164,5.0,10.390243902439025,56.8
SJ Srivastava,441.0,282,15.0,9.382978723404255,29.4
SK Raina,1118.0,908,30.0,7.387665198237885,37.266666666666666
SK Trivedi,1904.0,1506,73.0,7.585657370517929,26.08219178082192
SK Warne,1447.0,1194,60.0,7.271356783919598,24.116666666666667
SL Malinga,3366.0,2827,188.0,7.14396887159533,17.904255319148938
SM Boland,54.0,42,3.0,7.714285714285714,18.0
SM Curran,2033.0,1253,63.0,9.735035913806863,32.26984126984127
SM Harwood,73.0,60,3.0,7.3,24.333333333333332
SM Pollock,301.0,276,13.0,6.543478260869565,23.153846153846153
SMSM Senanayake,209.0,192,9.0,6.53125,23.22222222222222
SN Khan,6.0,2,0.0,18.0,0.0
SN Thakur,3360.0,2124,119.0,9.491525423728813,28.235294117647058
SP Narine,5015.0,4417,214.0,6.812316051618746,23.434579439252335
SPD Smith,5.0,2,0.0,15.0,0.0
SR Tendulkar,58.0,36,0.0,9.666666666666666,0.0
SR Watson,2682.0,2029,107.0,7.931000492853622,25.065420560747665
SS Agarwal,42.0,24,1.0,10.5,42.0
SS Cottrell,176.0,120,6.0,8.8,29.333333333333332
SS Iyer,7.0,6,0.0,7.0,0.0
SS Mundhe,6.0,6,1.0,6.0,6.0
SS Sarkar,34.0,25,1.0,8.16,34.0
SSB Magala,51.0,36,1.0,8.5,51.0
ST Jayasuriya,390.0,294,16.0,7.959183673469388,24.375
STR Binny,758.0,594,28.0,7.656565656565657,27.071428571428573
SW Tait,640.0,473,26.0,8.118393234672306,24.615384615384617
SZ Mulani,57.0,30,0.0,11.4,0.0
Sachin Baby,8.0,10,3.0,4.8,2.6666666666666665
Sandeep Sharma,4212.0,3121,168.0,8.097404677987825,25.071428571428573
Shahbaz Ahmed,955.0,594,22.0,9.646464646464647,43.40909090909091
Shahid Afridi,225.0,180,9.0,7.5,25.0
Shakib Al Hasan,1839.0,1484,71.0,7.435309973045822,25.901408450704224
Shashank Singh,72.0,48,3.0,9.0,24.0
Shivam Mavi,942.0,649,33.0,8.708782742681047,28.545454545454547
Shivam Sharma,165.0,114,4.0,8.68421052631579,41.25
Shivang Kumar,104.0,72,6.0,8.666666666666666,17.333333333333332
Shoaib Ahmed,152.0,102,5.0,8.941176470588236,30.4
Shoaib Akhtar,54.0,42,5.0,7.714285714285714,10.8
Shoaib Malik,85.0,51,2.0,10.0,42.5
Sikandar Raza,141.0,84,3.0,10.071428571428571,47.0
Simarjeet Singh,400.0,240,12.0,10.0,33.333333333333336
Sohail Tanvir,266.0,247,24.0,6.461538461538462,11.083333333333334
Sumit Kumar,38.0,20,0.0,11.4,0.0
Sunny Gupta,47.0,18,0.0,15.666666666666666,0.0
Suryansh Shedge,40.0,18,0.0,13.333333333333334,0.0
Suyash Sharma,863.0,600,22.0,8.63,39.22727272727273
Swapnil Singh,241.0,162,7.0,8.925925925925926,34.42857142857143
T Henderson,40.0,36,1.0,6.666666666666667,40.0
T Natarajan,2163.0,1452,82.0,8.938016528925619,26.378048780487806
T Shamsi,181.0,120,3.0,9.05,60.333333333333336
T Stubbs,69.0,36,4.0,11.5,17.25
T Thushara,161.0,135,10.0,7.155555555555556,16.1
TA Boult,3822.0,2717,151.0,8.440191387559809,25.311258278145694
TG Southee,1742.0,1206,57.0,8.666666666666666,30.56140350877193
TH David,18.0,6,0.0,18.0,0.0
TK Curran,430.0,238,13.0,10.840336134453782,33.07692307692308
TL Suman,197.0,150,7.0,7.88,28.142857142857142
TM Dilshan,366.0,271,5.0,8.103321033210333,73.2
TM Head,113.0,58,3.0,11.689655172413794,37.666666666666664
TP Sudhindra,136.0,70,1.0,11.657142857142858,136.0
TS Mills,343.0,209,11.0,9.84688995215311,31.181818181818183
TU Deshpande,1636.0,995,57.0,9.865326633165829,28.70175438596491
Tejas Baroka,33.0,21,0.0,9.428571428571429,0.0
Tilak Varma,28.0,22,0.0,7.636363636363637,0.0
UT Yadav,4332.0,3056,163.0,8.505235602094242,26.57668711656442
Umar Gul,184.0,135,14.0,8.177777777777777,13.142857142857142
Umran Malik,772.0,493,31.0,9.39553752535497,24.903225806451612
V Kaverappa,36.0,24,2.0,9.0,18.0
V Kohli,368.0,251,5.0,8.796812749003983,73.6
V Nigam,411.0,264,13.0,9.340909090909092,31.615384615384617
V Pratap Singh,296.0,204,12.0,8.705882352941176,24.666666666666668
V Puthur,109.0,72,6.0,9.083333333333334,18.166666666666668
V Sehwag,235.0,136,6.0,10.367647058823529,39.166666666666664
V Shankar,344.0,238,12.0,8.672268907563026,28.666666666666668
V Viyaskanth,86.0,60,1.0,8.6,86.0
VG Arora,1153.0,710,44.0,9.743661971830987,26.204545454545453
VR Aaron,1481.0,994,46.0,8.939637826961771,32.19565217391305
VR Iyer,143.0,81,3.0,10.592592592592593,47.666666666666664
VRV Singh,542.0,360,16.0,9.033333333333333,33.875
VS Malik,261.0,205,6.0,7.639024390243903,43.5
VS Yeligati,59.0,30,0.0,11.8,0.0
VY Mahesh,499.0,339,22.0,8.831858407079647,22.681818181818183
Vijaykumar Vyshak,681.0,393,26.0,10.396946564885496,26.192307692307693
Vivrant Sharma,37.0,18,0.0,12.333333333333334,0.0
W O'Rourke,132.0,62,6.0,12.774193548387096,22.0
WA Mota,97.0,72,4.0,8.083333333333334,24.25
WD Parnell,937.0,723,40.0,7.775933609958506,23.425
WG Jacks,220.0,138,8.0,9.565217391304348,27.5
WPUJC Vaas,355.0,282,22.0,7.553191489361702,16.136363636363637
Washington Sundar,1474.0,1144,42.0,7.730769230769231,35.095238095238095
XC Bartlett,231.0,142,6.0,9.76056338028169,38.5
Y Gnaneswara Rao,7.0,6,0.0,7.0,0.0
Y Nagar,125.0,66,4.0,11.363636363636363,31.25
Y Prithvi Raj,57.0,30,1.0,11.4,57.0
Y Venugopal Rao,337.0,216,7.0,9.36111111111111,48.142857142857146
YA Abdulla,307.0,209,15.0,8.813397129186603,20.466666666666665
YBK Jaiswal,6.0,1,0.0,36.0,0.0
YK Pathan,1415.0,1147,46.0,7.401918047079338,30.76086956521739
YS Chahal,5114.0,3851,233.0,7.967800571280186,21.948497854077253
Yash Dayal,1390.0,871,45.0,9.575200918484501,30.88888888888889
Yash Thakur,770.0,443,28.0,10.428893905191874,27.5
Yudhvir Singh,253.0,138,8.0,11.0,31.625
Yuvraj Singh,1077.0,869,39.0,7.436133486766398,27.615384615384617
Z Khan,2782.0,2200,119.0,7.587272727272727,23.3781512605042
Zeeshan Ansari,333.0,203,8.0,9.842364532019705,41.625
